case_number,case_link,date_of_receipt,judge,source_page
2-595/2026 ~ М-480/2026,https://amv--dnr.sudrf.ru/modules.php?name=sud_delo&srv_num=1&name_op=case&case_id=30855770&case_uid=2ac51547-28c7-470e-80a7-0d2a962c4b27&delo_id=1540005,29.05.2026,Литюк Василий Васильевич,1
2-594/2026 ~ М-479/2026,https://amv--dnr.sudrf.ru/modules.php?name=sud_delo&srv_num=1&name_op=case&case_id=30855762&case_uid=dc94d4be-8cda-4792-88ce-c4087b1c6fb9&delo_id=1540005,29.05.2026,Литюк Василий Васильевич,1
2-593/2026 ~ М-478/2026,https://amv--dnr.sudrf.ru/modules.php?name=sud_delo&srv_num=1&name_op=case&case_id=30855754&case_uid=60e450cf-542f-49d3-82e7-c79e8712c4f9&delo_id=1540005,29.05.2026,Литюк Василий Васильевич,1
2-592/2026 ~ М-477/2026,https://amv--dnr.sudrf.ru/modules.php?name=sud_delo&srv_num=1&name_op=case&case_id=30855741&case_uid=852bf062-6fea-4822-84c3-611e517fef6c&delo_id=1540005,29.05.2026,Литюк Василий Васильевич,1
2-591/2026 ~ М-476/2026,https://amv--dnr.sudrf.ru/modules.php?name=sud_delo&srv_num=1&name_op=case&case_id=30855728&case_uid=508f787c-048d-41dd-a7e0-3662f5968f3e&delo_id=1540005,29.05.2026,Литюк Василий Васильевич,1
2-590/2026 ~ М-475/2026,https://amv--dnr.sudrf.ru/modules.php?name=sud_delo&srv_num=1&name_op=case&case_id=30855695&case_uid=5c42c95f-b5c8-46b8-8d98-8947bad016f1&delo_id=1540005,29.05.2026,Литюк Василий Васильевич,1
2-589/2026 ~ М-474/2026,https://amv--dnr.sudrf.ru/modules.php?name=sud_delo&srv_num=1&name_op=case&case_id=30855405&case_uid=db39f0ec-2480-4359-9c4d-56b901e3f0c9&delo_id=1540005,29.05.2026,Литюк Василий Васильевич,1
2-588/2026 ~ М-473/2026,https://amv--dnr.sudrf.ru/modules.php?name=sud_delo&srv_num=1&name_op=case&case_id=30855382&case_uid=1e59138b-6c06-4542-aa1f-70ed0bfcd4b5&delo_id=1540005,29.05.2026,Литюк Василий Васильевич,1
2-520/2026 ~ М-409/2026,https://amv--dnr.sudrf.ru/modules.php?name=sud_delo&srv_num=1&name_op=case&case_id=30852259&case_uid=f04ac93f-4ff9-4c8f-a2d0-49cd8ccff790&delo_id=1540005,14.05.2026,Литюк Василий Васильевич,1
2-519/2026 ~ М-408/2026,https://amv--dnr.sudrf.ru/modules.php?name=sud_delo&srv_num=1&name_op=case&case_id=30855050&case_uid=866302c6-dc9e-41ee-a48a-d045a10d382b&delo_id=1540005,14.05.2026,Литюк Василий Васильевич,1
2-518/2026 ~ М-407/2026,https://amv--dnr.sudrf.ru/modules.php?name=sud_delo&srv_num=1&name_op=case&case_id=30854780&case_uid=191fd4ec-7ca4-44d4-ba29-8826473eae62&delo_id=1540005,14.05.2026,Литюк Василий Васильевич,1
2-291/2026 ~ М-145/2026,https://amv--dnr.sudrf.ru/modules.php?name=sud_delo&srv_num=1&name_op=case&case_id=30851772&case_uid=f5eac657-5bd7-45c7-ae07-7eacdff2f75f&delo_id=1540005,20.02.2026,Никифоров Максим Юрьевич,1
2-290/2026 ~ М-144/2026,https://amv--dnr.sudrf.ru/modules.php?name=sud_delo&srv_num=1&name_op=case&case_id=30851309&case_uid=c84a1f8d-bf06-4392-9083-e09aec76eb89&delo_id=1540005,20.02.2026,Никифоров Максим Юрьевич,1
2-289/2026 ~ М-143/2026,https://amv--dnr.sudrf.ru/modules.php?name=sud_delo&srv_num=1&name_op=case&case_id=30851284&case_uid=0bbb15bc-6970-41b0-9e47-8cb1ef7e6393&delo_id=1540005,20.02.2026,Никифоров Максим Юрьевич,1
2-288/2026 ~ М-142/2026,https://amv--dnr.sudrf.ru/modules.php?name=sud_delo&srv_num=1&name_op=case&case_id=30851258&case_uid=ae01396f-a4b6-4415-9f5e-fe229dd031b0&delo_id=1540005,20.02.2026,Никифоров Максим Юрьевич,1
2-287/2026 ~ М-141/2026,https://amv--dnr.sudrf.ru/modules.php?name=sud_delo&srv_num=1&name_op=case&case_id=30851245&case_uid=add1166e-92f9-4e34-9f31-91a97f2e44cf&delo_id=1540005,20.02.2026,Никифоров Максим Юрьевич,1
2-286/2026 ~ М-140/2026,https://amv--dnr.sudrf.ru/modules.php?name=sud_delo&srv_num=1&name_op=case&case_id=30851220&case_uid=c7775e97-a211-49e5-8742-83122c14722b&delo_id=1540005,20.02.2026,Никифоров Максим Юрьевич,1
2-285/2026 ~ М-139/2026,https://amv--dnr.sudrf.ru/modules.php?name=sud_delo&srv_num=1&name_op=case&case_id=30851196&case_uid=97deb5cb-0381-4b1b-9127-e27191f673bd&delo_id=1540005,20.02.2026,Никифоров Максим Юрьевич,1
2-284/2026 ~ М-138/2026,https://amv--dnr.sudrf.ru/modules.php?name=sud_delo&srv_num=1&name_op=case&case_id=30851102&case_uid=5495b4d5-b2f0-4b9a-861d-742070cdb171&delo_id=1540005,20.02.2026,Никифоров Максим Юрьевич,1
2-283/2026 ~ М-137/2026,https://amv--dnr.sudrf.ru/modules.php?name=sud_delo&srv_num=1&name_op=case&case_id=30832885&case_uid=727d0ba0-1b2c-4692-9855-32676ee0c6b9&delo_id=1540005,20.02.2026,Никифоров Максим Юрьевич,1
2-231/2026 ~ М-89/2026,https://amv--dnr.sudrf.ru/modules.php?name=sud_delo&srv_num=1&name_op=case&case_id=30851647&case_uid=6406e3ec-49c3-4c0c-aa71-ca17390174d8&delo_id=1540005,09.02.2026,Никифоров Максим Юрьевич,1
2-232/2026 ~ М-88/2026,https://amv--dnr.sudrf.ru/modules.php?name=sud_delo&srv_num=1&name_op=case&case_id=30851557&case_uid=9a82833c-7413-440f-997c-53d5fac6e2fe&delo_id=1540005,09.02.2026,Никифоров Максим Юрьевич,1
2-233/2026 ~ М-87/2026,https://amv--dnr.sudrf.ru/modules.php?name=sud_delo&srv_num=1&name_op=case&case_id=30851321&case_uid=077dfbea-a81d-45d0-a297-8f65958c880c&delo_id=1540005,09.02.2026,Никифоров Максим Юрьевич,1
2-234/2026 ~ М-86/2026,https://amv--dnr.sudrf.ru/modules.php?name=sud_delo&srv_num=1&name_op=case&case_id=30851296&case_uid=c658cf82-0205-45b3-b849-d17188a428e2&delo_id=1540005,09.02.2026,Никифоров Максим Юрьевич,1
2-235/2026 ~ М-85/2026,https://amv--dnr.sudrf.ru/modules.php?name=sud_delo&srv_num=1&name_op=case&case_id=30850862&case_uid=8fe3188e-bc67-402b-ab2e-745485f308ad&delo_id=1540005,09.02.2026,Никифоров Максим Юрьевич,1
2-236/2026 ~ М-84/2026,https://amv--dnr.sudrf.ru/modules.php?name=sud_delo&srv_num=1&name_op=case&case_id=30850829&case_uid=8da6806a-c1c3-4ed3-8605-67293cbb1799&delo_id=1540005,09.02.2026,Никифоров Максим Юрьевич,2
2-237/2026 ~ М-83/2026,https://amv--dnr.sudrf.ru/modules.php?name=sud_delo&srv_num=1&name_op=case&case_id=30850798&case_uid=d8805d1d-bc5b-493b-a1fc-513e74c38568&delo_id=1540005,09.02.2026,Никифоров Максим Юрьевич,2
2-238/2026 ~ М-82/2026,https://amv--dnr.sudrf.ru/modules.php?name=sud_delo&srv_num=1&name_op=case&case_id=30851334&case_uid=cd31a39b-61a1-4851-8287-477a5808002f&delo_id=1540005,09.02.2026,Никифоров Максим Юрьевич,2
2-239/2026 ~ М-81/2026,https://amv--dnr.sudrf.ru/modules.php?name=sud_delo&srv_num=1&name_op=case&case_id=30850448&case_uid=c22af37d-6e69-421b-b317-05b1cbf21c34&delo_id=1540005,09.02.2026,Никифоров Максим Юрьевич,2
2-240/2026 ~ М-80/2026,https://amv--dnr.sudrf.ru/modules.php?name=sud_delo&srv_num=1&name_op=case&case_id=30849286&case_uid=185eb110-4593-421b-ae58-2fa91b0cb385&delo_id=1540005,09.02.2026,Никифоров Максим Юрьевич,2
2-146/2026 (2-1148/2025;) ~ М-1084/2025,https://amv--dnr.sudrf.ru/modules.php?name=sud_delo&srv_num=1&name_op=case&case_id=30851037&case_uid=6b81bb43-c407-461d-ad0d-a356e798f994&delo_id=1540005,25.12.2025,Никифоров Максим Юрьевич,2
2-153/2026 (2-1155/2025;) ~ М-1083/2025,https://amv--dnr.sudrf.ru/modules.php?name=sud_delo&srv_num=1&name_op=case&case_id=30851021&case_uid=86a3d1f6-fed6-48d0-8ebc-bd389245cace&delo_id=1540005,25.12.2025,Литюк Василий Васильевич,2
2-152/2026 (2-1154/2025;) ~ М-1082/2025,https://amv--dnr.sudrf.ru/modules.php?name=sud_delo&srv_num=1&name_op=case&case_id=30847374&case_uid=a3247525-ffc8-4c4a-b72d-90e1d65c3353&delo_id=1540005,25.12.2025,Литюк Василий Васильевич,2
2-151/2026 (2-1153/2025;) ~ М-1081/2025,https://amv--dnr.sudrf.ru/modules.php?name=sud_delo&srv_num=1&name_op=case&case_id=30847343&case_uid=4c7ac62e-e870-4ce9-a368-8546c3736708&delo_id=1540005,25.12.2025,Литюк Василий Васильевич,2
2-144/2026 (2-1146/2025;) ~ М-1080/2025,https://amv--dnr.sudrf.ru/modules.php?name=sud_delo&srv_num=1&name_op=case&case_id=30847316&case_uid=c7bb26ec-101e-4998-976c-19ea13eef66e&delo_id=1540005,25.12.2025,Никифоров Максим Юрьевич,2
2-150/2026 (2-1152/2025;) ~ М-1079/2025,https://amv--dnr.sudrf.ru/modules.php?name=sud_delo&srv_num=1&name_op=case&case_id=30843703&case_uid=25096235-a5a6-4c25-826a-516a15f76384&delo_id=1540005,25.12.2025,Литюк Василий Васильевич,2
2-110/2026 (2-1076/2025;) ~ М-994/2025,https://amv--dnr.sudrf.ru/modules.php?name=sud_delo&srv_num=1&name_op=case&case_id=30848696&case_uid=95b315a8-0d6f-446b-ac96-7623a5225c85&delo_id=1540005,11.12.2025,Литюк Василий Васильевич,2
2-94/2026 (2-1056/2025;) ~ М-993/2025,https://amv--dnr.sudrf.ru/modules.php?name=sud_delo&srv_num=1&name_op=case&case_id=30848683&case_uid=274f3716-ee07-4fef-a3ee-50b23a7263be&delo_id=1540005,11.12.2025,Фок Татьяна Андреевна,2
2-109/2026 (2-1075/2025;) ~ М-992/2025,https://amv--dnr.sudrf.ru/modules.php?name=sud_delo&srv_num=1&name_op=case&case_id=30848667&case_uid=ea30d267-24b4-4167-9991-cf55070cb139&delo_id=1540005,11.12.2025,Литюк Василий Васильевич,2
2-93/2026 (2-1055/2025;) ~ М-991/2025,https://amv--dnr.sudrf.ru/modules.php?name=sud_delo&srv_num=1&name_op=case&case_id=30847063&case_uid=fb7cc8c7-56f9-418d-ba2a-ee426f610b6b&delo_id=1540005,11.12.2025,Фок Татьяна Андреевна,2
2-91/2026 (2-1051/2025;) ~ М-972/2025,https://amv--dnr.sudrf.ru/modules.php?name=sud_delo&srv_num=1&name_op=case&case_id=30846044&case_uid=21da28bf-1df8-45dc-8882-016e59c1b7e6&delo_id=1540005,03.12.2025,Никифоров Максим Юрьевич,2
2-81/2026 (2-1036/2025;) ~ М-971/2025,https://amv--dnr.sudrf.ru/modules.php?name=sud_delo&srv_num=1&name_op=case&case_id=30846030&case_uid=443ee861-9a32-4608-a2be-1f4e574e0509&delo_id=1540005,03.12.2025,Фок Татьяна Андреевна,2
2-90/2026 (2-1050/2025;) ~ М-970/2025,https://amv--dnr.sudrf.ru/modules.php?name=sud_delo&srv_num=1&name_op=case&case_id=30849382&case_uid=ab7c2184-2ad6-4c9a-aba0-15a7663e4b49&delo_id=1540005,03.12.2025,Никифоров Максим Юрьевич,2
2-80/2026 (2-1035/2025;) ~ М-969/2025,https://amv--dnr.sudrf.ru/modules.php?name=sud_delo&srv_num=1&name_op=case&case_id=30849367&case_uid=1533c3f3-6e5a-4778-93f2-d5d1f9713a1c&delo_id=1540005,03.12.2025,Фок Татьяна Андреевна,2
2-101/2026 (2-1064/2025;) ~ М-968/2025,https://amv--dnr.sudrf.ru/modules.php?name=sud_delo&srv_num=1&name_op=case&case_id=30849353&case_uid=272e7a8a-19c7-4706-96e9-d97c16b512cf&delo_id=1540005,03.12.2025,Литюк Василий Васильевич,2
2-100/2026 (2-1063/2025;) ~ М-967/2025,https://amv--dnr.sudrf.ru/modules.php?name=sud_delo&srv_num=1&name_op=case&case_id=30849339&case_uid=8f4bd96b-5298-4bf7-b3d1-c265f0b816f2&delo_id=1540005,03.12.2025,Литюк Василий Васильевич,2
2-79/2026 (2-1034/2025;) ~ М-966/2025,https://amv--dnr.sudrf.ru/modules.php?name=sud_delo&srv_num=1&name_op=case&case_id=30849324&case_uid=3860a020-1e79-4800-abc0-6f519da5c48e&delo_id=1540005,03.12.2025,Фок Татьяна Андреевна,2
2-99/2026 (2-1062/2025;) ~ М-965/2025,https://amv--dnr.sudrf.ru/modules.php?name=sud_delo&srv_num=1&name_op=case&case_id=30849197&case_uid=9ebaf10d-c494-48de-8d59-f5b20db5fe65&delo_id=1540005,03.12.2025,Литюк Василий Васильевич,2
2-78/2026 (2-1033/2025;) ~ М-964/2025,https://amv--dnr.sudrf.ru/modules.php?name=sud_delo&srv_num=1&name_op=case&case_id=30849300&case_uid=903bbd84-322e-489b-a4e4-696212c4d591&delo_id=1540005,03.12.2025,Фок Татьяна Андреевна,2
2-52/2026 (2-987/2025;) ~ М-918/2025,https://amv--dnr.sudrf.ru/modules.php?name=sud_delo&srv_num=1&name_op=case&case_id=30848035&case_uid=794b6d4a-d379-453e-a34e-aa1daf9f58cd&delo_id=1540005,13.11.2025,Фок Татьяна Андреевна,2
2-53/2026 (2-988/2025;) ~ М-917/2025,https://amv--dnr.sudrf.ru/modules.php?name=sud_delo&srv_num=1&name_op=case&case_id=30848008&case_uid=d5e7f73a-55f9-4590-aeb0-475fff33c49c&delo_id=1540005,13.11.2025,Фок Татьяна Андреевна,3
2-54/2026 (2-989/2025;) ~ М-916/2025,https://amv--dnr.sudrf.ru/modules.php?name=sud_delo&srv_num=1&name_op=case&case_id=30847980&case_uid=c590c16d-ac62-4ef2-915e-6cae6fee94cd&delo_id=1540005,13.11.2025,Фок Татьяна Андреевна,3
2-63/2026 (2-1007/2025;) ~ М-915/2025,https://amv--dnr.sudrf.ru/modules.php?name=sud_delo&srv_num=1&name_op=case&case_id=30847423&case_uid=d04c620a-330f-45de-859d-654833c21974&delo_id=1540005,13.11.2025,Никифоров Максим Юрьевич,3
2-55/2026 (2-990/2025;) ~ М-914/2025,https://amv--dnr.sudrf.ru/modules.php?name=sud_delo&srv_num=1&name_op=case&case_id=30847283&case_uid=8b8a690f-8e91-4383-b837-37c0b92ee24e&delo_id=1540005,13.11.2025,Фок Татьяна Андреевна,3
2-56/2026 (2-991/2025;) ~ М-913/2025,https://amv--dnr.sudrf.ru/modules.php?name=sud_delo&srv_num=1&name_op=case&case_id=30847268&case_uid=b21a7b85-bac4-4db0-bf35-045e6889aa91&delo_id=1540005,13.11.2025,Фок Татьяна Андреевна,3
2-977/2025 ~ М-902/2025,https://amv--dnr.sudrf.ru/modules.php?name=sud_delo&srv_num=1&name_op=case&case_id=30848223&case_uid=2e302dce-9798-4a34-a51e-f8d008bf23c7&delo_id=1540005,11.11.2025,Фок Татьяна Андреевна,3
2-35/2026 (2-953/2025;) ~ М-873/2025,https://amv--dnr.sudrf.ru/modules.php?name=sud_delo&srv_num=1&name_op=case&case_id=30844123&case_uid=ae055128-7baf-4018-9bc9-2320ba8f2e9a&delo_id=1540005,29.10.2025,Никифоров Максим Юрьевич,3
2-36/2026 (2-954/2025;) ~ М-872/2025,https://amv--dnr.sudrf.ru/modules.php?name=sud_delo&srv_num=1&name_op=case&case_id=30842828&case_uid=c97abd7c-26be-4b79-98c7-85e4d5ef5e0e&delo_id=1540005,29.10.2025,Никифоров Максим Юрьевич,3
2-931/2025 ~ М-856/2025,https://amv--dnr.sudrf.ru/modules.php?name=sud_delo&srv_num=1&name_op=case&case_id=30847120&case_uid=9f00d8fa-a3d5-42e2-aba1-538f37f09d54&delo_id=1540005,27.10.2025,Фок Татьяна Андреевна,3
2-946/2025 ~ М-853/2025,https://amv--dnr.sudrf.ru/modules.php?name=sud_delo&srv_num=1&name_op=case&case_id=30843044&case_uid=0c589008-ec23-4ab9-9a1e-e5a8988f0120&delo_id=1540005,24.10.2025,Литюк Василий Васильевич,3
2-29/2026 (2-925/2025;) ~ М-852/2025,https://amv--dnr.sudrf.ru/modules.php?name=sud_delo&srv_num=1&name_op=case&case_id=30842791&case_uid=5a2ff7d8-43c1-4e66-a44d-a514ebe60a1c&delo_id=1540005,24.10.2025,Фок Татьяна Андреевна,3
2-924/2025 ~ М-851/2025,https://amv--dnr.sudrf.ru/modules.php?name=sud_delo&srv_num=1&name_op=case&case_id=30842389&case_uid=0ae46f1e-0a5d-42b2-b0ea-fe3978af0c52&delo_id=1540005,24.10.2025,Фок Татьяна Андреевна,3
2-927/2025 ~ М-850/2025,https://amv--dnr.sudrf.ru/modules.php?name=sud_delo&srv_num=1&name_op=case&case_id=30842065&case_uid=a682ac9a-8765-4d37-a0f2-84cefd16ae0f&delo_id=1540005,24.10.2025,Никифоров Максим Юрьевич,3
2-928/2025 ~ М-849/2025,https://amv--dnr.sudrf.ru/modules.php?name=sud_delo&srv_num=1&name_op=case&case_id=30841996&case_uid=0fd70ec5-5547-4e88-bb0e-8ffe70f25096&delo_id=1540005,24.10.2025,Никифоров Максим Юрьевич,3
2-33/2026 (2-945/2025;) ~ М-848/2025,https://amv--dnr.sudrf.ru/modules.php?name=sud_delo&srv_num=1&name_op=case&case_id=30841324&case_uid=1adc374d-5d67-4f5e-957c-bc705dff8a25&delo_id=1540005,24.10.2025,Литюк Василий Васильевич,3
2-921/2025 ~ М-833/2025,https://amv--dnr.sudrf.ru/modules.php?name=sud_delo&srv_num=1&name_op=case&case_id=30846795&case_uid=5d81f611-da66-4422-beae-893279b4331f&delo_id=1540005,20.10.2025,Никифоров Максим Юрьевич,3
2-16/2026 (2-861/2025;) ~ М-788/2025,https://amv--dnr.sudrf.ru/modules.php?name=sud_delo&srv_num=1&name_op=case&case_id=30846427&case_uid=0da55510-fa30-45d4-9e4e-88573706ca0f&delo_id=1540005,03.10.2025,Никифоров Максим Юрьевич,3
2-862/2025 ~ М-787/2025,https://amv--dnr.sudrf.ru/modules.php?name=sud_delo&srv_num=1&name_op=case&case_id=30846399&case_uid=5cba13b0-3d41-4fb2-8be1-caec943fc441&delo_id=1540005,03.10.2025,Никифоров Максим Юрьевич,3
2-874/2025 ~ М-786/2025,https://amv--dnr.sudrf.ru/modules.php?name=sud_delo&srv_num=1&name_op=case&case_id=30844668&case_uid=b26dde68-4561-4181-8fe8-dbe424c4e929&delo_id=1540005,03.10.2025,Литюк Василий Васильевич,3
2-22/2026 (2-873/2025;) ~ М-785/2025,https://amv--dnr.sudrf.ru/modules.php?name=sud_delo&srv_num=1&name_op=case&case_id=30844635&case_uid=a919427c-f256-40c5-b080-46bd2d136dbe&delo_id=1540005,03.10.2025,Литюк Василий Васильевич,3
2-20/2026 (2-870/2025;) ~ М-781/2025,https://amv--dnr.sudrf.ru/modules.php?name=sud_delo&srv_num=1&name_op=case&case_id=30846150&case_uid=19f5ce0a-b43c-4bac-a5f6-19064ff1a412&delo_id=1540005,02.10.2025,Литюк Василий Васильевич,3
2-869/2025 ~ М-780/2025,https://amv--dnr.sudrf.ru/modules.php?name=sud_delo&srv_num=1&name_op=case&case_id=30846122&case_uid=9b917bde-29b7-4606-aa38-6ad2f6d8280b&delo_id=1540005,02.10.2025,Литюк Василий Васильевич,3
2-19/2026 (2-868/2025;) ~ М-779/2025,https://amv--dnr.sudrf.ru/modules.php?name=sud_delo&srv_num=1&name_op=case&case_id=30846092&case_uid=73a321a7-7de9-40a1-a966-c0f5a62751fd&delo_id=1540005,02.10.2025,Литюк Василий Васильевич,3
2-15/2026 (2-858/2025;) ~ М-778/2025,https://amv--dnr.sudrf.ru/modules.php?name=sud_delo&srv_num=1&name_op=case&case_id=30846075&case_uid=38ade64b-7129-45f1-8c03-e53c7e0b3349&delo_id=1540005,02.10.2025,Никифоров Максим Юрьевич,3
2-857/2025 ~ М-777/2025,https://amv--dnr.sudrf.ru/modules.php?name=sud_delo&srv_num=1&name_op=case&case_id=30845923&case_uid=732664a1-e092-4cb4-87b2-dfc45cf1caee&delo_id=1540005,02.10.2025,Никифоров Максим Юрьевич,3
2-856/2025 ~ М-776/2025,https://amv--dnr.sudrf.ru/modules.php?name=sud_delo&srv_num=1&name_op=case&case_id=30845908&case_uid=7a2ec62d-0196-4c55-bc59-73ef232a9097&delo_id=1540005,02.10.2025,Никифоров Максим Юрьевич,4
2-18/2026 (2-867/2025;) ~ М-775/2025,https://amv--dnr.sudrf.ru/modules.php?name=sud_delo&srv_num=1&name_op=case&case_id=30845490&case_uid=cc7552c4-2074-4747-b086-997955518ab1&delo_id=1540005,02.10.2025,Литюк Василий Васильевич,4
2-866/2025 ~ М-774/2025,https://amv--dnr.sudrf.ru/modules.php?name=sud_delo&srv_num=1&name_op=case&case_id=30845154&case_uid=65b941a3-2668-4ae8-956f-c332dd8d8fcb&delo_id=1540005,02.10.2025,Литюк Василий Васильевич,4
2-854/2025 ~ М-757/2025,https://amv--dnr.sudrf.ru/modules.php?name=sud_delo&srv_num=1&name_op=case&case_id=30845507&case_uid=5ef4e57e-ef2e-4b78-bbd2-aa327f7bc19d&delo_id=1540005,30.09.2025,Никифоров Максим Юрьевич,4
2-852/2025 ~ М-754/2025,https://amv--dnr.sudrf.ru/modules.php?name=sud_delo&srv_num=1&name_op=case&case_id=30845043&case_uid=8dba6391-16c5-4d37-9a44-f41a9f3845b7&delo_id=1540005,29.09.2025,Литюк Василий Васильевич,4
2-798/2025 ~ М-699/2025,https://amv--dnr.sudrf.ru/modules.php?name=sud_delo&srv_num=1&name_op=case&case_id=30845807&case_uid=64940736-2828-4d37-a3ce-871cb9e46d65&delo_id=1540005,10.09.2025,Литюк Василий Васильевич,4
2-783/2025 ~ М-684/2025,https://amv--dnr.sudrf.ru/modules.php?name=sud_delo&srv_num=1&name_op=case&case_id=30836776&case_uid=36a5d805-5e2a-4809-b18d-16e48b48a508&delo_id=1540005,05.09.2025,Литюк Василий Васильевич,4
2-764/2025 ~ М-660/2025,https://amv--dnr.sudrf.ru/modules.php?name=sud_delo&srv_num=1&name_op=case&case_id=30844847&case_uid=6c899c25-fa4f-41b3-8632-f449056d42bb&delo_id=1540005,28.08.2025,Литюк Василий Васильевич,4
2-727/2025 ~ М-654/2025,https://amv--dnr.sudrf.ru/modules.php?name=sud_delo&srv_num=1&name_op=case&case_id=30845182&case_uid=dc736a8e-aa07-4dbc-a1a6-34590cc765a9&delo_id=1540005,27.08.2025,Фок Татьяна Андреевна,4
2-762/2025 ~ М-653/2025,https://amv--dnr.sudrf.ru/modules.php?name=sud_delo&srv_num=1&name_op=case&case_id=30845169&case_uid=492443ea-6b2c-4706-9f56-b0cf1afef32d&delo_id=1540005,27.08.2025,Литюк Василий Васильевич,4
2-745/2025 ~ М-642/2025,https://amv--dnr.sudrf.ru/modules.php?name=sud_delo&srv_num=1&name_op=case&case_id=30843352&case_uid=b86bbdc4-bc6f-4f36-afaa-a0e7149e8e67&delo_id=1540005,25.08.2025,Литюк Василий Васильевич,4
2-744/2025 ~ М-641/2025,https://amv--dnr.sudrf.ru/modules.php?name=sud_delo&srv_num=1&name_op=case&case_id=30843331&case_uid=ca3c45bb-cd1f-41b2-9846-1fc040719d3c&delo_id=1540005,25.08.2025,Литюк Василий Васильевич,4
2-743/2025 ~ М-640/2025,https://amv--dnr.sudrf.ru/modules.php?name=sud_delo&srv_num=1&name_op=case&case_id=30843287&case_uid=cf2b4e58-ecd4-4e3a-86d4-87a25492b645&delo_id=1540005,25.08.2025,Литюк Василий Васильевич,4
2-742/2025 ~ М-639/2025,https://amv--dnr.sudrf.ru/modules.php?name=sud_delo&srv_num=1&name_op=case&case_id=30843270&case_uid=0bf9afd2-2264-4886-a81b-fe62f9801e70&delo_id=1540005,25.08.2025,Литюк Василий Васильевич,4
2-741/2025 ~ М-638/2025,https://amv--dnr.sudrf.ru/modules.php?name=sud_delo&srv_num=1&name_op=case&case_id=30843256&case_uid=56b516dd-f146-42db-9cb3-f96fb8c5dc38&delo_id=1540005,25.08.2025,Литюк Василий Васильевич,4
2-728/2025 ~ М-637/2025,https://amv--dnr.sudrf.ru/modules.php?name=sud_delo&srv_num=1&name_op=case&case_id=30843241&case_uid=89041104-d0d7-43b8-b4dd-ebc7669a1212&delo_id=1540005,25.08.2025,Фок Татьяна Андреевна,4
2-740/2025 ~ М-636/2025,https://amv--dnr.sudrf.ru/modules.php?name=sud_delo&srv_num=1&name_op=case&case_id=30843191&case_uid=e43ac283-1645-4a65-a38d-36003daeb0c2&delo_id=1540005,25.08.2025,Литюк Василий Васильевич,4
2-731/2025 ~ М-635/2025,https://amv--dnr.sudrf.ru/modules.php?name=sud_delo&srv_num=1&name_op=case&case_id=30843174&case_uid=a46335b3-40a9-4ca7-ab26-950ce8e8d5f4&delo_id=1540005,25.08.2025,Фок Татьяна Андреевна,4
2-739/2025 ~ М-634/2025,https://amv--dnr.sudrf.ru/modules.php?name=sud_delo&srv_num=1&name_op=case&case_id=30843160&case_uid=ebab58e2-29a8-4a11-8425-a494a615bd19&delo_id=1540005,25.08.2025,Литюк Василий Васильевич,4
2-738/2025 ~ М-633/2025,https://amv--dnr.sudrf.ru/modules.php?name=sud_delo&srv_num=1&name_op=case&case_id=30843130&case_uid=e1008f24-89eb-4c6e-a763-8d57a24ddb3f&delo_id=1540005,25.08.2025,Литюк Василий Васильевич,4
2-730/2025 ~ М-632/2025,https://amv--dnr.sudrf.ru/modules.php?name=sud_delo&srv_num=1&name_op=case&case_id=30843072&case_uid=77a72969-9a5d-41df-804e-90ba2a757e99&delo_id=1540005,25.08.2025,Фок Татьяна Андреевна,4
2-7/2026 (2-729/2025;) ~ М-631/2025,https://amv--dnr.sudrf.ru/modules.php?name=sud_delo&srv_num=1&name_op=case&case_id=30842251&case_uid=1076e14f-9d74-4f23-a62f-04afa56974e5&delo_id=1540005,25.08.2025,Фок Татьяна Андреевна,4
2-702/2025 ~ М-604/2025,https://amv--dnr.sudrf.ru/modules.php?name=sud_delo&srv_num=1&name_op=case&case_id=30843882&case_uid=db18e994-3383-4c86-b941-2c017e119e9b&delo_id=1540005,18.08.2025,Фок Татьяна Андреевна,4
2-701/2025 ~ М-603/2025,https://amv--dnr.sudrf.ru/modules.php?name=sud_delo&srv_num=1&name_op=case&case_id=30843833&case_uid=5829b5f6-6de9-4ff1-b461-5aa9c00b6a46&delo_id=1540005,18.08.2025,Фок Татьяна Андреевна,4
2-700/2025 ~ М-602/2025,https://amv--dnr.sudrf.ru/modules.php?name=sud_delo&srv_num=1&name_op=case&case_id=30843818&case_uid=75e1b177-ea42-477c-8f3b-c48448ab9d41&delo_id=1540005,18.08.2025,Фок Татьяна Андреевна,4
2-5/2026 (2-699/2025;) ~ М-601/2025,https://amv--dnr.sudrf.ru/modules.php?name=sud_delo&srv_num=1&name_op=case&case_id=30843799&case_uid=8a9fb3ea-a9bf-4c63-93df-7a309ce77c98&delo_id=1540005,18.08.2025,Фок Татьяна Андреевна,5
2-698/2025 ~ М-600/2025,https://amv--dnr.sudrf.ru/modules.php?name=sud_delo&srv_num=1&name_op=case&case_id=30843676&case_uid=4b549f36-8075-461a-8bfe-51fc18b5aa38&delo_id=1540005,18.08.2025,Фок Татьяна Андреевна,5
2-697/2025 ~ М-599/2025,https://amv--dnr.sudrf.ru/modules.php?name=sud_delo&srv_num=1&name_op=case&case_id=30843661&case_uid=8da3b091-2dc7-4be2-9b75-8e7481a1c9e1&delo_id=1540005,18.08.2025,Фок Татьяна Андреевна,5
2-696/2025 ~ М-598/2025,https://amv--dnr.sudrf.ru/modules.php?name=sud_delo&srv_num=1&name_op=case&case_id=30843632&case_uid=226ad6a4-6196-4118-a1c3-ab577d553fa0&delo_id=1540005,18.08.2025,Фок Татьяна Андреевна,5
2-695/2025 ~ М-597/2025,https://amv--dnr.sudrf.ru/modules.php?name=sud_delo&srv_num=1&name_op=case&case_id=30843601&case_uid=11c8b064-1aeb-429d-a105-bfcb8c4a368d&delo_id=1540005,18.08.2025,Фок Татьяна Андреевна,5
2-694/2025 ~ М-596/2025,https://amv--dnr.sudrf.ru/modules.php?name=sud_delo&srv_num=1&name_op=case&case_id=30843553&case_uid=e5b86096-2154-48b8-b080-2a3525aeadf9&delo_id=1540005,18.08.2025,Фок Татьяна Андреевна,5
2-693/2025 ~ М-595/2025,https://amv--dnr.sudrf.ru/modules.php?name=sud_delo&srv_num=1&name_op=case&case_id=30843538&case_uid=e1ccebd1-59c8-405b-8636-15f7d71c0c2c&delo_id=1540005,18.08.2025,Фок Татьяна Андреевна,5
2-692/2025 ~ М-594/2025,https://amv--dnr.sudrf.ru/modules.php?name=sud_delo&srv_num=1&name_op=case&case_id=30843523&case_uid=9498f032-0fa6-4ac9-84f0-3be2cbb3de01&delo_id=1540005,18.08.2025,Фок Татьяна Андреевна,5
2-691/2025 ~ М-593/2025,https://amv--dnr.sudrf.ru/modules.php?name=sud_delo&srv_num=1&name_op=case&case_id=30843507&case_uid=5a67e746-d8ba-4a0f-ac86-a04b835808f4&delo_id=1540005,18.08.2025,Фок Татьяна Андреевна,5
2-690/2025 ~ М-592/2025,https://amv--dnr.sudrf.ru/modules.php?name=sud_delo&srv_num=1&name_op=case&case_id=30843493&case_uid=cf327fa8-93a0-4832-b2f8-eadd1cf5be7c&delo_id=1540005,18.08.2025,Фок Татьяна Андреевна,5
2-688/2025 ~ М-586/2025,https://amv--dnr.sudrf.ru/modules.php?name=sud_delo&srv_num=1&name_op=case&case_id=30843976&case_uid=2326fc32-7661-4aae-be1e-5d5d6d42c948&delo_id=1540005,14.08.2025,Никифоров Максим Юрьевич,5
2-684/2025 ~ М-585/2025,https://amv--dnr.sudrf.ru/modules.php?name=sud_delo&srv_num=1&name_op=case&case_id=30843963&case_uid=ffad1600-17ec-4f29-b657-08a4993df49d&delo_id=1540005,14.08.2025,Фок Татьяна Андреевна,5
2-687/2025 ~ М-584/2025,https://amv--dnr.sudrf.ru/modules.php?name=sud_delo&srv_num=1&name_op=case&case_id=30843945&case_uid=f033422c-7669-4787-a101-82e547ab685a&delo_id=1540005,14.08.2025,Никифоров Максим Юрьевич,5
2-683/2025 ~ М-583/2025,https://amv--dnr.sudrf.ru/modules.php?name=sud_delo&srv_num=1&name_op=case&case_id=30843928&case_uid=3ecac9b9-e9d5-4632-ba1c-b384eaf36f74&delo_id=1540005,14.08.2025,Фок Татьяна Андреевна,5
2-682/2025 ~ М-582/2025,https://amv--dnr.sudrf.ru/modules.php?name=sud_delo&srv_num=1&name_op=case&case_id=30843911&case_uid=ef484ba6-8b2f-4bdb-8b01-17cbb2b58c6f&delo_id=1540005,14.08.2025,Фок Татьяна Андреевна,5
2-686/2025 ~ М-581/2025,https://amv--dnr.sudrf.ru/modules.php?name=sud_delo&srv_num=1&name_op=case&case_id=30843894&case_uid=133a69fc-6496-4082-805d-77ac115a2a69&delo_id=1540005,14.08.2025,Никифоров Максим Юрьевич,5
2-685/2025 ~ М-580/2025,https://amv--dnr.sudrf.ru/modules.php?name=sud_delo&srv_num=1&name_op=case&case_id=30843865&case_uid=11c3c32e-1287-4dca-b2ec-e4992414da93&delo_id=1540005,14.08.2025,Никифоров Максим Юрьевич,5
2-681/2025 ~ М-579/2025,https://amv--dnr.sudrf.ru/modules.php?name=sud_delo&srv_num=1&name_op=case&case_id=30843848&case_uid=1c12c9f5-284a-4b1c-b6e5-c44d22ca3de3&delo_id=1540005,14.08.2025,Фок Татьяна Андреевна,5
2-3/2026 (2-636/2025;) ~ М-532/2025,https://amv--dnr.sudrf.ru/modules.php?name=sud_delo&srv_num=1&name_op=case&case_id=30842808&case_uid=1530acb3-a167-4fd2-8677-e55415d0dc54&delo_id=1540005,31.07.2025,Никифоров Максим Юрьевич,5
2-631/2025 ~ М-531/2025,https://amv--dnr.sudrf.ru/modules.php?name=sud_delo&srv_num=1&name_op=case&case_id=30842655&case_uid=e92ab4f6-43bc-4081-a6c3-a3959467989b&delo_id=1540005,31.07.2025,Фок Татьяна Андреевна,5
2-632/2025 ~ М-530/2025,https://amv--dnr.sudrf.ru/modules.php?name=sud_delo&srv_num=1&name_op=case&case_id=30842639&case_uid=1cf8fe50-51fc-464b-b009-be23c7363b4d&delo_id=1540005,31.07.2025,Фок Татьяна Андреевна,5
2-633/2025 ~ М-529/2025,https://amv--dnr.sudrf.ru/modules.php?name=sud_delo&srv_num=1&name_op=case&case_id=30841836&case_uid=8c8cd9be-3510-46bd-b641-50b47b74bf52&delo_id=1540005,31.07.2025,Фок Татьяна Андреевна,5
2-619/2025 ~ М-520/2025,https://amv--dnr.sudrf.ru/modules.php?name=sud_delo&srv_num=1&name_op=case&case_id=30839657&case_uid=9a728bbe-c6fc-442d-8db3-a8e499694d42&delo_id=1540005,25.07.2025,Фок Татьяна Андреевна,5
2-596/2025 ~ М-500/2025,https://amv--dnr.sudrf.ru/modules.php?name=sud_delo&srv_num=1&name_op=case&case_id=30842746&case_uid=23ca4c43-8689-4ec0-8414-14f255cff910&delo_id=1540005,17.07.2025,Фок Татьяна Андреевна,5
2-569/2025 ~ М-466/2025,https://amv--dnr.sudrf.ru/modules.php?name=sud_delo&srv_num=1&name_op=case&case_id=30841356&case_uid=0440122c-aa3c-445d-b824-29cd371ff954&delo_id=1540005,30.06.2025,Никифоров Максим Юрьевич,5
2-494/2025 ~ М-396/2025,https://amv--dnr.sudrf.ru/modules.php?name=sud_delo&srv_num=1&name_op=case&case_id=30840483&case_uid=599a8978-a040-453c-aac9-3e7d98ab4078&delo_id=1540005,30.05.2025,Фок Татьяна Андреевна,6
2-493/2025 ~ М-395/2025,https://amv--dnr.sudrf.ru/modules.php?name=sud_delo&srv_num=1&name_op=case&case_id=30840370&case_uid=9a654666-48d4-46a5-b4f3-10ab986f2c0a&delo_id=1540005,30.05.2025,Фок Татьяна Андреевна,6
2-512/2025 ~ М-394/2025,https://amv--dnr.sudrf.ru/modules.php?name=sud_delo&srv_num=1&name_op=case&case_id=30840328&case_uid=3e09b1ad-9702-4407-96cc-53062b6b3f05&delo_id=1540005,30.05.2025,Литюк Василий Васильевич,6
2-492/2025 ~ М-393/2025,https://amv--dnr.sudrf.ru/modules.php?name=sud_delo&srv_num=1&name_op=case&case_id=30840311&case_uid=f4d46f92-465e-4fda-bdb0-3de7de3ff498&delo_id=1540005,30.05.2025,Фок Татьяна Андреевна,6
2-511/2025 ~ М-392/2025,https://amv--dnr.sudrf.ru/modules.php?name=sud_delo&srv_num=1&name_op=case&case_id=30840298&case_uid=b665dcde-c098-4c99-b724-20ea76c8ca26&delo_id=1540005,30.05.2025,Литюк Василий Васильевич,6
2-510/2025 ~ М-391/2025,https://amv--dnr.sudrf.ru/modules.php?name=sud_delo&srv_num=1&name_op=case&case_id=30839945&case_uid=b0da4424-36b6-4baf-a9aa-6c74a772171f&delo_id=1540005,30.05.2025,Литюк Василий Васильевич,6
2-491/2025 ~ М-390/2025,https://amv--dnr.sudrf.ru/modules.php?name=sud_delo&srv_num=1&name_op=case&case_id=30839812&case_uid=4e53a831-22e3-4edd-a5b9-05e73b7e4bb8&delo_id=1540005,30.05.2025,Фок Татьяна Андреевна,6
2-490/2025 ~ М-389/2025,https://amv--dnr.sudrf.ru/modules.php?name=sud_delo&srv_num=1&name_op=case&case_id=30839142&case_uid=3632cf64-f8d9-48b6-a68b-d5254c368689&delo_id=1540005,30.05.2025,Фок Татьяна Андреевна,6
2-489/2025 ~ М-388/2025,https://amv--dnr.sudrf.ru/modules.php?name=sud_delo&srv_num=1&name_op=case&case_id=30836341&case_uid=42ea25a3-612a-4f60-84e6-23675d063f72&delo_id=1540005,30.05.2025,Фок Татьяна Андреевна,6
2-488/2025 ~ М-387/2025,https://amv--dnr.sudrf.ru/modules.php?name=sud_delo&srv_num=1&name_op=case&case_id=30836103&case_uid=3312d74b-9d64-4f61-aebf-451d55783e74&delo_id=1540005,30.05.2025,Фок Татьяна Андреевна,6
2-411/2025 ~ М-300/2025,https://amv--dnr.sudrf.ru/modules.php?name=sud_delo&srv_num=1&name_op=case&case_id=30838011&case_uid=03784eaf-6d1f-40fd-ab92-d1d751940ae4&delo_id=1540005,25.04.2025,Фок Татьяна Андреевна,6
2-410/2025 ~ М-299/2025,https://amv--dnr.sudrf.ru/modules.php?name=sud_delo&srv_num=1&name_op=case&case_id=30837916&case_uid=ea078786-1984-4167-85c6-6d879f1d7fa9&delo_id=1540005,25.04.2025,Никифоров Максим Юрьевич,6
2-337/2025 ~ М-226/2025,https://amv--dnr.sudrf.ru/modules.php?name=sud_delo&srv_num=1&name_op=case&case_id=30837779&case_uid=bbf95901-cfb4-4d9f-9479-e56cb4161f0f&delo_id=1540005,26.03.2025,Литюк Василий Васильевич,6
2-323/2025 ~ М-215/2025,https://amv--dnr.sudrf.ru/modules.php?name=sud_delo&srv_num=1&name_op=case&case_id=30838711&case_uid=864a6cbe-5c2b-49d8-99df-9427b4dc95db&delo_id=1540005,20.03.2025,Никифоров Максим Юрьевич,6
2-321/2025 ~ М-214/2025,https://amv--dnr.sudrf.ru/modules.php?name=sud_delo&srv_num=1&name_op=case&case_id=30838693&case_uid=408a5301-4c92-4e38-b841-0d34d5d7c40b&delo_id=1540005,20.03.2025,Фок Татьяна Андреевна,6
2-322/2025 ~ М-213/2025,https://amv--dnr.sudrf.ru/modules.php?name=sud_delo&srv_num=1&name_op=case&case_id=30838680&case_uid=c9d57d9e-7ad5-4734-80d4-f7e7dfc0ef87&delo_id=1540005,20.03.2025,Фок Татьяна Андреевна,6
2-334/2025 ~ М-212/2025,https://amv--dnr.sudrf.ru/modules.php?name=sud_delo&srv_num=1&name_op=case&case_id=30838667&case_uid=c8fce4d1-8fd9-4247-89a7-5853a4840235&delo_id=1540005,20.03.2025,Литюк Василий Васильевич,6
2-333/2025 ~ М-211/2025,https://amv--dnr.sudrf.ru/modules.php?name=sud_delo&srv_num=1&name_op=case&case_id=30838653&case_uid=18811b18-c14e-426a-b903-6e0b2e76396c&delo_id=1540005,20.03.2025,Литюк Василий Васильевич,6
2-319/2025 ~ М-210/2025,https://amv--dnr.sudrf.ru/modules.php?name=sud_delo&srv_num=1&name_op=case&case_id=30838639&case_uid=91061aeb-12ee-48bf-8e9d-55ddb2056213&delo_id=1540005,20.03.2025,Фок Татьяна Андреевна,6
2-320/2025 ~ М-209/2025,https://amv--dnr.sudrf.ru/modules.php?name=sud_delo&srv_num=1&name_op=case&case_id=30838357&case_uid=08bcb67d-eb45-4e64-9c49-a25a64bf4f51&delo_id=1540005,20.03.2025,Фок Татьяна Андреевна,6
2-315/2025 ~ М-197/2025,https://amv--dnr.sudrf.ru/modules.php?name=sud_delo&srv_num=1&name_op=case&case_id=30838600&case_uid=f14de8e3-23d0-46fe-9a89-7eeb59dd68b6&delo_id=1540005,14.03.2025,Литюк Василий Васильевич,6
2-304/2025 ~ М-196/2025,https://amv--dnr.sudrf.ru/modules.php?name=sud_delo&srv_num=1&name_op=case&case_id=30838574&case_uid=a1acc5f9-7aab-4bf6-a41d-e2e9f6428ba7&delo_id=1540005,14.03.2025,Никифоров Максим Юрьевич,6
2-292/2025 ~ М-184/2025,https://amv--dnr.sudrf.ru/modules.php?name=sud_delo&srv_num=1&name_op=case&case_id=30835161&case_uid=c8de262f-a198-44d2-9ee8-b06adc3aad8c&delo_id=1540005,10.03.2025,Фок Татьяна Андреевна,6
2-247/2025 ~ М-153/2025,https://amv--dnr.sudrf.ru/modules.php?name=sud_delo&srv_num=1&name_op=case&case_id=30837653&case_uid=47b20295-bd1a-4506-99ef-078fd0e026db&delo_id=1540005,27.02.2025,Никифоров Максим Юрьевич,6
2-266/2025 ~ М-152/2025,https://amv--dnr.sudrf.ru/modules.php?name=sud_delo&srv_num=1&name_op=case&case_id=30837623&case_uid=848e5a33-ce98-4eb5-aa91-898e5359027e&delo_id=1540005,27.02.2025,Литюк Василий Васильевич,6
2-246/2025 ~ М-151/2025,https://amv--dnr.sudrf.ru/modules.php?name=sud_delo&srv_num=1&name_op=case&case_id=30837596&case_uid=9d8be2cc-1bfa-4a44-a101-900eac588d82&delo_id=1540005,27.02.2025,Никифоров Максим Юрьевич,7
2-265/2025 ~ М-150/2025,https://amv--dnr.sudrf.ru/modules.php?name=sud_delo&srv_num=1&name_op=case&case_id=30837583&case_uid=35c72914-3ebc-4b87-8677-c6e57f04f496&delo_id=1540005,27.02.2025,Литюк Василий Васильевич,7
2-264/2025 ~ М-149/2025,https://amv--dnr.sudrf.ru/modules.php?name=sud_delo&srv_num=1&name_op=case&case_id=30837557&case_uid=91a40f23-aa8c-4fc6-800b-c476dedc26e9&delo_id=1540005,27.02.2025,Литюк Василий Васильевич,7
2-263/2025 ~ М-148/2025,https://amv--dnr.sudrf.ru/modules.php?name=sud_delo&srv_num=1&name_op=case&case_id=30837526&case_uid=465d3866-44f5-41f2-9d7d-6b227d369e91&delo_id=1540005,27.02.2025,Литюк Василий Васильевич,7
2-244/2025 ~ М-147/2025,https://amv--dnr.sudrf.ru/modules.php?name=sud_delo&srv_num=1&name_op=case&case_id=30837483&case_uid=53ef3e3d-c626-4c76-9786-02785e007557&delo_id=1540005,27.02.2025,Никифоров Максим Юрьевич,7
2-262/2025 ~ М-146/2025,https://amv--dnr.sudrf.ru/modules.php?name=sud_delo&srv_num=1&name_op=case&case_id=30837436&case_uid=3321b7c8-77d9-43fd-a653-7ea5528c0e69&delo_id=1540005,27.02.2025,Литюк Василий Васильевич,7
2-183/2025 ~ М-59/2025,https://amv--dnr.sudrf.ru/modules.php?name=sud_delo&srv_num=1&name_op=case&case_id=30836718&case_uid=ee9fe45c-1448-446b-9a60-323001e71b10&delo_id=1540005,29.01.2025,Литюк Василий Васильевич,7
2-139/2025 ~ М-30/2025,https://amv--dnr.sudrf.ru/modules.php?name=sud_delo&srv_num=1&name_op=case&case_id=30835271&case_uid=c2a0ac42-fdb2-4df4-a5ec-2d93b99cae97&delo_id=1540005,15.01.2025,Никифоров Максим Юрьевич,7
2-145/2025 ~ М-29/2025,https://amv--dnr.sudrf.ru/modules.php?name=sud_delo&srv_num=1&name_op=case&case_id=30835256&case_uid=e4607efb-e646-4755-ab01-ba1f38d7870a&delo_id=1540005,15.01.2025,Фок Татьяна Андреевна,7
2-155/2025 ~ М-28/2025,https://amv--dnr.sudrf.ru/modules.php?name=sud_delo&srv_num=1&name_op=case&case_id=30835241&case_uid=bb9d2cd9-69a2-4916-a83b-d7a88a19efea&delo_id=1540005,15.01.2025,Литюк Василий Васильевич,7
2-146/2025 ~ М-27/2025,https://amv--dnr.sudrf.ru/modules.php?name=sud_delo&srv_num=1&name_op=case&case_id=30834824&case_uid=f39d3220-2ad3-4702-bcd9-84575191444f&delo_id=1540005,15.01.2025,Фок Татьяна Андреевна,7
2-156/2025 ~ М-26/2025,https://amv--dnr.sudrf.ru/modules.php?name=sud_delo&srv_num=1&name_op=case&case_id=30834790&case_uid=97300092-cf6a-404b-8df5-95d5cf9f5a4e&delo_id=1540005,15.01.2025,Литюк Василий Васильевич,7
2-157/2025 ~ М-25/2025,https://amv--dnr.sudrf.ru/modules.php?name=sud_delo&srv_num=1&name_op=case&case_id=30834764&case_uid=3e48b948-4a87-41e5-a939-61cde0c954a4&delo_id=1540005,15.01.2025,Литюк Василий Васильевич,7
2-158/2025 ~ М-24/2025,https://amv--dnr.sudrf.ru/modules.php?name=sud_delo&srv_num=1&name_op=case&case_id=30834751&case_uid=cf3d3b85-5516-445c-bfb8-d10bc3bd01b7&delo_id=1540005,15.01.2025,Литюк Василий Васильевич,7
2-140/2025 ~ М-23/2025,https://amv--dnr.sudrf.ru/modules.php?name=sud_delo&srv_num=1&name_op=case&case_id=30833811&case_uid=1a25d5e3-aaa4-49ad-be38-0d7e9f9f10b7&delo_id=1540005,15.01.2025,Никифоров Максим Юрьевич,7
2-147/2025 ~ М-22/2025,https://amv--dnr.sudrf.ru/modules.php?name=sud_delo&srv_num=1&name_op=case&case_id=30833795&case_uid=88e46640-1f4d-4314-903f-b41ac7e2d94c&delo_id=1540005,15.01.2025,Фок Татьяна Андреевна,7
2-101/2025 (2-927/2024;) ~ М-1075/2024,https://amv--dnr.sudrf.ru/modules.php?name=sud_delo&srv_num=1&name_op=case&case_id=30835439&case_uid=4b42926f-22ed-4ed9-8434-1235bc5dab57&delo_id=1540005,19.12.2024,Фок Татьяна Андреевна,7
2-113/2025 (2-940/2024;) ~ М-1074/2024,https://amv--dnr.sudrf.ru/modules.php?name=sud_delo&srv_num=1&name_op=case&case_id=30835424&case_uid=4323e6ea-6125-4e4d-acbf-a54551cae2d9&delo_id=1540005,19.12.2024,Литюк Василий Васильевич,7
2-102/2025 (2-928/2024;) ~ М-1073/2024,https://amv--dnr.sudrf.ru/modules.php?name=sud_delo&srv_num=1&name_op=case&case_id=30835411&case_uid=6f2acb52-e692-4ab5-8994-009d321b301a&delo_id=1540005,19.12.2024,Фок Татьяна Андреевна,7
2-112/2025 (2-939/2024;) ~ М-1072/2024,https://amv--dnr.sudrf.ru/modules.php?name=sud_delo&srv_num=1&name_op=case&case_id=30835395&case_uid=1a37cd7f-addf-49c4-9816-c4482bfabbc9&delo_id=1540005,19.12.2024,Литюк Василий Васильевич,7
2-103/2025 (2-929/2024;) ~ М-1071/2024,https://amv--dnr.sudrf.ru/modules.php?name=sud_delo&srv_num=1&name_op=case&case_id=30835086&case_uid=cf59f2a6-0bd7-49c4-a2c4-a14ca33c2637&delo_id=1540005,19.12.2024,Фок Татьяна Андреевна,7
2-111/2025 (2-938/2024;) ~ М-1070/2024,https://amv--dnr.sudrf.ru/modules.php?name=sud_delo&srv_num=1&name_op=case&case_id=30835070&case_uid=e2deefd9-3ac7-4b4a-9aeb-57f5e1f3309d&delo_id=1540005,19.12.2024,Литюк Василий Васильевич,7
2-87/2025 (2-910/2024;) ~ М-1069/2024,https://amv--dnr.sudrf.ru/modules.php?name=sud_delo&srv_num=1&name_op=case&case_id=30835053&case_uid=7fa05206-0400-45bd-b32d-cead971e001a&delo_id=1540005,19.12.2024,Никифоров Максим Юрьевич,7
2-110/2025 (2-937/2024;) ~ М-1068/2024,https://amv--dnr.sudrf.ru/modules.php?name=sud_delo&srv_num=1&name_op=case&case_id=30835025&case_uid=9d53fb39-e5e9-4f4d-b84b-8ab2e77c5fef&delo_id=1540005,19.12.2024,Литюк Василий Васильевич,7
2-45/2025 (2-850/2024;) ~ М-992/2024,https://amv--dnr.sudrf.ru/modules.php?name=sud_delo&srv_num=1&name_op=case&case_id=30833399&case_uid=75ab8131-998f-46ea-9414-0529f4e593a0&delo_id=1540005,22.11.2024,Литюк Василий Васильевич,7
2-48/2025 (2-854/2024;) ~ М-991/2024,https://amv--dnr.sudrf.ru/modules.php?name=sud_delo&srv_num=1&name_op=case&case_id=30833356&case_uid=d6c1a567-fb92-405c-8c9b-f9beeff91777&delo_id=1540005,22.11.2024,Фок Татьяна Андреевна,8
2-47/2025 (2-853/2024;) ~ М-990/2024,https://amv--dnr.sudrf.ru/modules.php?name=sud_delo&srv_num=1&name_op=case&case_id=30832296&case_uid=3dbab048-c028-4c18-9727-a57d5dcd2635&delo_id=1540005,22.11.2024,Фок Татьяна Андреевна,8
2-44/2025 (2-849/2024;) ~ М-989/2024,https://amv--dnr.sudrf.ru/modules.php?name=sud_delo&srv_num=1&name_op=case&case_id=30832182&case_uid=a5334fe8-f15b-46ea-9a8e-1b42c9bd90e0&delo_id=1540005,22.11.2024,Литюк Василий Васильевич,8
2-49/2025 (2-855/2024;) ~ М-988/2024,https://amv--dnr.sudrf.ru/modules.php?name=sud_delo&srv_num=1&name_op=case&case_id=30832122&case_uid=be063d93-b4e2-4195-8d3f-45c72246b0da&delo_id=1540005,22.11.2024,Никифоров Максим Юрьевич,8
2-43/2025 (2-848/2024;) ~ М-987/2024,https://amv--dnr.sudrf.ru/modules.php?name=sud_delo&srv_num=1&name_op=case&case_id=30832014&case_uid=b03536f1-c285-4730-91ea-b8402e63bf39&delo_id=1540005,22.11.2024,Литюк Василий Васильевич,8
2-46/2025 (2-852/2024;) ~ М-986/2024,https://amv--dnr.sudrf.ru/modules.php?name=sud_delo&srv_num=1&name_op=case&case_id=30831218&case_uid=afb56f9d-81b6-46e0-9d02-de5c5bd54686&delo_id=1540005,22.11.2024,Фок Татьяна Андреевна,8
2-42/2025 (2-847/2024;) ~ М-985/2024,https://amv--dnr.sudrf.ru/modules.php?name=sud_delo&srv_num=1&name_op=case&case_id=30830267&case_uid=54d1b4ea-56a4-4dea-b310-8a9601b7b770&delo_id=1540005,22.11.2024,Литюк Василий Васильевич,8
2-31/2025 (2-829/2024;) ~ М-970/2024,https://amv--dnr.sudrf.ru/modules.php?name=sud_delo&srv_num=1&name_op=case&case_id=30831645&case_uid=8e27c63e-2c97-48b0-8058-66487325012a&delo_id=1540005,14.11.2024,Фок Татьяна Андреевна,8
2-30/2025 (2-828/2024;) ~ М-969/2024,https://amv--dnr.sudrf.ru/modules.php?name=sud_delo&srv_num=1&name_op=case&case_id=30829915&case_uid=302dda1a-ee0a-4297-8222-a36743e235f3&delo_id=1540005,14.11.2024,Фок Татьяна Андреевна,8
2-24/2025 (2-814/2024;) ~ М-955/2024,https://amv--dnr.sudrf.ru/modules.php?name=sud_delo&srv_num=1&name_op=case&case_id=30832404&case_uid=df6c1d18-f449-40e7-9961-88800466f55b&delo_id=1540005,02.11.2024,Фок Татьяна Андреевна,8
2-25/2025 (2-815/2024;) ~ М-954/2024,https://amv--dnr.sudrf.ru/modules.php?name=sud_delo&srv_num=1&name_op=case&case_id=30832031&case_uid=ee23000b-d85b-4e69-8de9-d1885adda7d8&delo_id=1540005,02.11.2024,Никифоров Максим Юрьевич,8
2-23/2025 (2-813/2024;) ~ М-953/2024,https://amv--dnr.sudrf.ru/modules.php?name=sud_delo&srv_num=1&name_op=case&case_id=30831808&case_uid=42a6e059-a4ae-485c-9a46-49ea18acb5be&delo_id=1540005,02.11.2024,Фок Татьяна Андреевна,8
2-22/2025 (2-812/2024;) ~ М-952/2024,https://amv--dnr.sudrf.ru/modules.php?name=sud_delo&srv_num=1&name_op=case&case_id=30830139&case_uid=9dfe9d20-37d5-43a3-a5aa-75092724acd0&delo_id=1540005,02.11.2024,Фок Татьяна Андреевна,8
2-21/2025 (2-811/2024;) ~ М-951/2024,https://amv--dnr.sudrf.ru/modules.php?name=sud_delo&srv_num=1&name_op=case&case_id=30829549&case_uid=d07b2564-b525-43f4-8563-90dba31c8002&delo_id=1540005,02.11.2024,Фок Татьяна Андреевна,8
2-20/2025 (2-810/2024;) ~ М-950/2024,https://amv--dnr.sudrf.ru/modules.php?name=sud_delo&srv_num=1&name_op=case&case_id=30829524&case_uid=15ed76de-016c-477d-b9fb-2a7885b176ae&delo_id=1540005,02.11.2024,Фок Татьяна Андреевна,8
2-791/2024 ~ М-934/2024,https://amv--dnr.sudrf.ru/modules.php?name=sud_delo&srv_num=1&name_op=case&case_id=30833298&case_uid=251b3295-596a-476c-b1b9-7de0a5175538&delo_id=1540005,23.10.2024,Фок Татьяна Андреевна,8
2-797/2024 ~ М-932/2024,https://amv--dnr.sudrf.ru/modules.php?name=sud_delo&srv_num=1&name_op=case&case_id=30833271&case_uid=24e09289-2fc2-4a61-8a4c-1ea42be9a0e8&delo_id=1540005,23.10.2024,Литюк Василий Васильевич,8
2-796/2024 ~ М-931/2024,https://amv--dnr.sudrf.ru/modules.php?name=sud_delo&srv_num=1&name_op=case&case_id=30833258&case_uid=f4c1f5ce-2986-4c34-972a-5284b10d8e42&delo_id=1540005,23.10.2024,Литюк Василий Васильевич,8
2-789/2024 ~ М-930/2024,https://amv--dnr.sudrf.ru/modules.php?name=sud_delo&srv_num=1&name_op=case&case_id=30833219&case_uid=09d0c952-fcf1-4c31-b78f-3b74d464cd0d&delo_id=1540005,23.10.2024,Фок Татьяна Андреевна,8
2-795/2024 ~ М-929/2024,https://amv--dnr.sudrf.ru/modules.php?name=sud_delo&srv_num=1&name_op=case&case_id=30833193&case_uid=bfb5b027-669a-4ca6-9812-d5ea89e04f10&delo_id=1540005,23.10.2024,Литюк Василий Васильевич,8
2-788/2024 ~ М-928/2024,https://amv--dnr.sudrf.ru/modules.php?name=sud_delo&srv_num=1&name_op=case&case_id=30833180&case_uid=82441f9f-22cc-4ee9-a465-f642d212a6f6&delo_id=1540005,23.10.2024,Фок Татьяна Андреевна,8
2-794/2024 ~ М-927/2024,https://amv--dnr.sudrf.ru/modules.php?name=sud_delo&srv_num=1&name_op=case&case_id=30830480&case_uid=ebed4c01-4968-4266-bd29-de5fc3927d5d&delo_id=1540005,23.10.2024,Литюк Василий Васильевич,8
2-793/2024 ~ М-926/2024,https://amv--dnr.sudrf.ru/modules.php?name=sud_delo&srv_num=1&name_op=case&case_id=30829928&case_uid=b2e71d62-d39c-4e31-9836-76407a7f984e&delo_id=1540005,23.10.2024,Литюк Василий Васильевич,8
2-15/2025 (2-787/2024;) ~ М-925/2024,https://amv--dnr.sudrf.ru/modules.php?name=sud_delo&srv_num=1&name_op=case&case_id=30829900&case_uid=253e9a3c-2028-4860-9267-f240b13951ea&delo_id=1540005,23.10.2024,Фок Татьяна Андреевна,8
2-792/2024 ~ М-924/2024,https://amv--dnr.sudrf.ru/modules.php?name=sud_delo&srv_num=1&name_op=case&case_id=30829777&case_uid=b364be89-c975-40dc-b985-3fa44a3a62f9&delo_id=1540005,23.10.2024,Литюк Василий Васильевич,8
2-638/2024 ~ М-773/2024,https://amv--dnr.sudrf.ru/modules.php?name=sud_delo&srv_num=1&name_op=case&case_id=30830882&case_uid=d34e73af-1368-4382-bcbc-c994a17d376b&delo_id=1540005,05.09.2024,Никифоров Максим Юрьевич,9
2-639/2024 ~ М-772/2024,https://amv--dnr.sudrf.ru/modules.php?name=sud_delo&srv_num=1&name_op=case&case_id=30830867&case_uid=6ccd6a3c-f768-41e4-bb8d-9ff87e81b599&delo_id=1540005,05.09.2024,Никифоров Максим Юрьевич,9
2-640/2024 ~ М-771/2024,https://amv--dnr.sudrf.ru/modules.php?name=sud_delo&srv_num=1&name_op=case&case_id=30830852&case_uid=b8bb669c-9b40-4dfa-a1dd-83c40ff5012c&delo_id=1540005,05.09.2024,Никифоров Максим Юрьевич,9
2-641/2024 ~ М-770/2024,https://amv--dnr.sudrf.ru/modules.php?name=sud_delo&srv_num=1&name_op=case&case_id=30830837&case_uid=5dfde3d9-8439-46e1-a472-88494001dc37&delo_id=1540005,05.09.2024,Никифоров Максим Юрьевич,9
2-642/2024 ~ М-769/2024,https://amv--dnr.sudrf.ru/modules.php?name=sud_delo&srv_num=1&name_op=case&case_id=30830822&case_uid=a00bf0bd-667f-4d7b-8fe0-92529eec1ce3&delo_id=1540005,05.09.2024,Никифоров Максим Юрьевич,9
2-643/2024 ~ М-768/2024,https://amv--dnr.sudrf.ru/modules.php?name=sud_delo&srv_num=1&name_op=case&case_id=30830807&case_uid=7d2422c3-91f3-433e-8e8e-4ad60b1b9da4&delo_id=1540005,05.09.2024,Никифоров Максим Юрьевич,9
2-5/2025 (2-644/2024;) ~ М-767/2024,https://amv--dnr.sudrf.ru/modules.php?name=sud_delo&srv_num=1&name_op=case&case_id=30830785&case_uid=6a91e5a2-32e2-4fa8-885c-482e7bad44b0&delo_id=1540005,05.09.2024,Никифоров Максим Юрьевич,9
2-645/2024 ~ М-766/2024,https://amv--dnr.sudrf.ru/modules.php?name=sud_delo&srv_num=1&name_op=case&case_id=30830757&case_uid=3da04f7e-5138-4d40-ad47-3b58b5b84c2f&delo_id=1540005,05.09.2024,Никифоров Максим Юрьевич,9
2-547/2024 ~ М-597/2024,https://amv--dnr.sudrf.ru/modules.php?name=sud_delo&srv_num=1&name_op=case&case_id=30828612&case_uid=d2a67c92-b6f3-4ce1-af4c-e745941fcdaf&delo_id=1540005,05.08.2024,Никифоров Максим Юрьевич,9
2-546/2024 ~ М-596/2024,https://amv--dnr.sudrf.ru/modules.php?name=sud_delo&srv_num=1&name_op=case&case_id=30828592&case_uid=75684181-0afb-4f65-b218-fade8b2465ec&delo_id=1540005,05.08.2024,Никифоров Максим Юрьевич,9
2-545/2024 ~ М-595/2024,https://amv--dnr.sudrf.ru/modules.php?name=sud_delo&srv_num=1&name_op=case&case_id=30828569&case_uid=2aa7eb7b-c898-4dc3-afd6-0fe6865c0300&delo_id=1540005,05.08.2024,Никифоров Максим Юрьевич,9
2-526/2024 ~ М-593/2024,https://amv--dnr.sudrf.ru/modules.php?name=sud_delo&srv_num=1&name_op=case&case_id=30828543&case_uid=3d0f609f-0d81-44bc-862a-4c21bc48fbdf&delo_id=1540005,05.08.2024,Литюк Василий Васильевич,9
2-541/2024 ~ М-592/2024,https://amv--dnr.sudrf.ru/modules.php?name=sud_delo&srv_num=1&name_op=case&case_id=30828525&case_uid=c11e899c-291a-43e1-a0bf-250cc11f8203&delo_id=1540005,05.08.2024,Фок Татьяна Андреевна,9
2-540/2024 ~ М-591/2024,https://amv--dnr.sudrf.ru/modules.php?name=sud_delo&srv_num=1&name_op=case&case_id=30828509&case_uid=7b76fa23-e886-4adf-87d4-31ed58f4c377&delo_id=1540005,05.08.2024,Фок Татьяна Андреевна,9
2-539/2024 ~ М-590/2024,https://amv--dnr.sudrf.ru/modules.php?name=sud_delo&srv_num=1&name_op=case&case_id=30828494&case_uid=d1e27c13-e033-465e-9603-e3070c20977f&delo_id=1540005,05.08.2024,Фок Татьяна Андреевна,9
2-511/2024 ~ 9-543/2024,https://amv--dnr.sudrf.ru/modules.php?name=sud_delo&srv_num=1&name_op=case&case_id=30826535&case_uid=f4f7893c-1f02-474f-a27c-70284a836650&delo_id=1540005,25.07.2024,Фок Татьяна Андреевна,9
2-463/2024 ~ 9-510/2024,https://amv--dnr.sudrf.ru/modules.php?name=sud_delo&srv_num=1&name_op=case&case_id=30827820&case_uid=0824c990-6ade-40fc-852f-0166ee5c4584&delo_id=1540005,15.07.2024,Фок Татьяна Андреевна,9
2-464/2024 ~ 9-509/2024,https://amv--dnr.sudrf.ru/modules.php?name=sud_delo&srv_num=1&name_op=case&case_id=30827808&case_uid=41659f2a-0010-4062-a330-50afaea68a17&delo_id=1540005,15.07.2024,Фок Татьяна Андреевна,9
2-465/2024 ~ 9-508/2024,https://amv--dnr.sudrf.ru/modules.php?name=sud_delo&srv_num=1&name_op=case&case_id=30827795&case_uid=e0d56ced-217f-41a5-9342-08f5c262b43a&delo_id=1540005,15.07.2024,Фок Татьяна Андреевна,9
2-466/2024 ~ 9-507/2024,https://amv--dnr.sudrf.ru/modules.php?name=sud_delo&srv_num=1&name_op=case&case_id=30827784&case_uid=bff51ca3-a2d5-43a0-bfbc-c0ae2d2364c4&delo_id=1540005,15.07.2024,Фок Татьяна Андреевна,9
2-467/2024 ~ 9-506/2024,https://amv--dnr.sudrf.ru/modules.php?name=sud_delo&srv_num=1&name_op=case&case_id=30827768&case_uid=1fde330a-8edd-4083-970b-6dcee8b780a5&delo_id=1540005,15.07.2024,Фок Татьяна Андреевна,9
2-468/2024 ~ 9-505/2024,https://amv--dnr.sudrf.ru/modules.php?name=sud_delo&srv_num=1&name_op=case&case_id=30827756&case_uid=05831a8b-9ba4-412e-ad52-ba05ac1b8824&delo_id=1540005,15.07.2024,Фок Татьяна Андреевна,9
2-476/2024 ~ 9-504/2024,https://amv--dnr.sudrf.ru/modules.php?name=sud_delo&srv_num=1&name_op=case&case_id=30827741&case_uid=e5d14075-b831-417c-8951-a92eed19914a&delo_id=1540005,15.07.2024,Литюк Василий Васильевич,9
2-477/2024 ~ 9-503/2024,https://amv--dnr.sudrf.ru/modules.php?name=sud_delo&srv_num=1&name_op=case&case_id=30827719&case_uid=b9736046-6910-4bd0-b448-68fa987fab2c&delo_id=1540005,15.07.2024,Литюк Василий Васильевич,9
2-478/2024 ~ 9-502/2024,https://amv--dnr.sudrf.ru/modules.php?name=sud_delo&srv_num=1&name_op=case&case_id=30827705&case_uid=aeb53d29-fd8c-404d-a84a-38641e74b3b7&delo_id=1540005,15.07.2024,Литюк Василий Васильевич,9
2-479/2024 ~ 9-501/2024,https://amv--dnr.sudrf.ru/modules.php?name=sud_delo&srv_num=1&name_op=case&case_id=30827687&case_uid=efbf6c85-cb36-4954-bdd1-9e20c06eb274&delo_id=1540005,15.07.2024,Литюк Василий Васильевич,10
2-480/2024 ~ 9-500/2024,https://amv--dnr.sudrf.ru/modules.php?name=sud_delo&srv_num=1&name_op=case&case_id=30827668&case_uid=1ebdda5f-ca28-49ad-8d20-19c501a59c1d&delo_id=1540005,15.07.2024,Литюк Василий Васильевич,10
2-481/2024 ~ 9-499/2024,https://amv--dnr.sudrf.ru/modules.php?name=sud_delo&srv_num=1&name_op=case&case_id=30827655&case_uid=7821e41e-d6e4-4b98-8906-53b3c530787c&delo_id=1540005,15.07.2024,Литюк Василий Васильевич,10
